<?xml version="1.0" encoding="UTF-8" ?>

<!--
Licensed to the Apache Software Foundation (ASF) under one
or more contributor license agreements.  See the NOTICE file
distributed with this work for additional information
regarding copyright ownership.  The ASF licenses this file
to you under the Apache License, Version 2.0 (the
"License"); you may not use this file except in compliance
with the License.  You may obtain a copy of the License at

http://www.apache.org/licenses/LICENSE-2.0

Unless required by applicable law or agreed to in writing,
software distributed under the License is distributed on an
"AS IS" BASIS, WITHOUT WARRANTIES OR CONDITIONS OF ANY
KIND, either express or implied.  See the License for the
specific language governing permissions and limitations
under the License.
-->

<?ignore
This file specifies the refinements (facets) and look and feel of the Google Custom Search Engine
used by the Apache Flink Documentation after version 1.3.
After modifying this file it needs to be uploaded to the Custom Search control panel at
https://cse.google.com/cse/setup/advanced?cx=000322205049649384055%3Aqbxxlwnwoqs
in order for the changes to take effect.
The sites to be searched are specified separately in annotations.xml.
?>

<CustomSearchEngine id="qbxxlwnwoqs" creator="000322205049649384055" language="en" top_refinements="2147483647" encoding="UTF-8" enable_suggest="true">
  <Title>flink-test</Title>
  <Context>
    <Facet>
      <FacetItem>
        <Label name="documentation" mode="FILTER">
          <Rewrite></Rewrite>
        </Label>
        <Title>Docs</Title>
      </FacetItem>
      <FacetItem>
        <Label name="mailing_lists" mode="FILTER">
          <Rewrite></Rewrite>
        </Label>
        <Title>Mailing Lists</Title>
      </FacetItem>
      <FacetItem>
        <Label name="jira" mode="FILTER">
          <Rewrite></Rewrite>
        </Label>
        <Title>Issues</Title>
      </FacetItem>
      <FacetItem>
        <Label name="stack_overflow" mode="FILTER">
          <Rewrite></Rewrite>
        </Label>
        <Title>Stack Overflow</Title>
      </FacetItem>
      <FacetItem>
        <Label name="flips" mode="FILTER">
          <Rewrite></Rewrite>
        </Label>
        <Title>FLIPs</Title>
      </FacetItem>
    </Facet>
    <BackgroundLabels>
      <Label name="_cse_qbxxlwnwoqs" mode="FILTER" />
      <Label name="_cse_exclude_qbxxlwnwoqs" mode="ELIMINATE" />
    </BackgroundLabels>
  </Context>
  <LookAndFeel nonprofit="true" element_layout="5" theme="1" custom_theme="true" text_font="Arial, sans-serif" url_length="full" element_branding="show" enable_cse_thumbnail="true" promotion_url_length="full" ads_layout="1">
    <Logo />
    <Colors url="#008000" background="#FFFFFF" border="#FFFFFF" title="#0000CC" text="#000000" visited="#0000CC" title_hover="#0000CC" title_active="#0000CC" />
    <Promotions title_color="#0000CC" title_visited_color="#0000CC" url_color="#008000" background_color="#FFFFFF" border_color="#336699" snippet_color="#000000" title_hover_color="#0000CC" title_active_color="#0000CC" />
    <SearchControls input_border_color="#D9D9D9" button_border_color="#666666" button_background_color="#CECECE" tab_border_color="#E9E9E9" tab_background_color="#E9E9E9" tab_selected_border_color="#FF9900" tab_selected_background_color="#FFFFFF" />
    <Results border_color="#FFFFFF" border_hover_color="#FFFFFF" background_color="#FFFFFF" background_hover_color="#FFFFFF" ads_background_color="#fff7f5" ads_border_color="#FFFFFF" />
  </LookAndFeel>
  <AdSense />
  <EnterpriseAccount />
  <ImageSearchSettings enable="false" />
  <autocomplete_settings />
  <sort_by_keys label="Relevance" key="" />
  <sort_by_keys label="Date" key="date" />
  <cse_advance_settings enable_speech="true" enable_facet_search="true" />
</CustomSearchEngine>
